id,affiliate_info,first_name,last_name,phone,email,street,city,state,z_code,d_lic_num,d_lic_exp,d_dob,name_on_cc,cc_num,cc_exp,cc_cv,customer_notes
0, 6, Mary,Galeano,438-883-2034,m_galeano@fakermail.com,1234 Somewhere St.,Somecity,AZ,85799,946885253,8/93,8/13/93,MARY GALEANO,4265528858653756,8/93,314
1, 6, Philip,Smith,744-923-1035,p_smith@fakermail.com,1234 Somewhere St.,Somecity,AZ,85799,440837476,10/23,10/29/23,PHILIP SMITH,5002925096835672,10/23,131
2, 6, Lloyd,Wunderlin,691-522-7916,l_wunderlin@fakermail.com,1234 Somewhere St.,Somecity,AZ,85799,350272526,8/73,8/18/73,LLOYD WUNDERLIN,4065393994594784,8/73,453
3, 6, Grace,Yeargin,323-727-2639,g_yeargin@fakermail.com,1234 Somewhere St.,Somecity,AZ,85799,874687978,12/52,12/29/52,GRACE YEARGIN,5417176797384071,12/52,828
4, 6, Agnes,Tyler,495-611-5656,a_tyler@fakermail.com,1234 Somewhere St.,Somecity,AZ,85799,360640056,10/14,10/16/14,AGNES TYLER,5124464883016900,10/14,861
5, 6, Gregory,Holland,991-684-2417,g_holland@fakermail.com,1234 Somewhere St.,Somecity,AZ,85799,522254446,3/76,3/27/76,GREGORY HOLLAND,5494650504333846,3/76,479
6, 6, Timothy,Reeves,930-908-7449,t_reeves@fakermail.com,1234 Somewhere St.,Somecity,AZ,85799,314229068,4/11,4/25/11,TIMOTHY REEVES,4383594898654936,4/11,652
7, 6, Ryan,Eason,892-662-8523,r_eason@fakermail.com,1234 Somewhere St.,Somecity,AZ,85799,941443398,12/10,12/13/10,RYAN EASON,4606363095250017,12/10,977
8, 6, Jonathan,Vanhorn,737-358-8883,j_vanhorn@fakermail.com,1234 Somewhere St.,Somecity,AZ,85799,483100304,7/72,7/27/72,JONATHAN VANHORN,4821313152810060,7/72,524
9, 6, Patricia,Crumedy,928-640-8507,p_crumedy@fakermail.com,1234 Somewhere St.,Somecity,AZ,85799,294115331,3/80,3/19/80,PATRICIA CRUMEDY,4062992566721540,3/80,981
10, 6, Elizabeth,Cook,373-386-1274,e_cook@fakermail.com,1234 Somewhere St.,Somecity,AZ,85799,770876131,5/24,5/26/24,ELIZABETH COOK,4032785430985358,5/24,289
11, 6, Janice,Wilkinson,841-473-5472,j_wilkinson@fakermail.com,1234 Somewhere St.,Somecity,AZ,85799,608707754,12/51,12/16/51,JANICE WILKINSON,5602360592866915,12/51,216
12, 6, Herbert,Cook,493-565-2782,h_cook@fakermail.com,1234 Somewhere St.,Somecity,AZ,85799,119181885,7/12,7/8/12,HERBERT COOK,5148679254393253,7/12,506
13, 6, Maureen,Lawing,819-995-7991,m_lawing@fakermail.com,1234 Somewhere St.,Somecity,AZ,85799,339654640,12/76,12/15/76,MAUREEN LAWING,5874051189545421,12/76,636
14, 6, Elia,Fuller,976-947-7985,e_fuller@fakermail.com,1234 Somewhere St.,Somecity,AZ,85799,175942400,4/16,4/10/16,ELIA FULLER,5660589227936393,4/16,979
15, 6, Kevin,Mack,463-727-5135,k_mack@fakermail.com,1234 Somewhere St.,Somecity,AZ,85799,284165073,4/82,4/15/82,KEVIN MACK,4019095984623650,4/82,947
16, 6, Yvonne,Gallagher,511-888-8094,y_gallagher@fakermail.com,1234 Somewhere St.,Somecity,AZ,85799,641281164,11/59,11/10/59,YVONNE GALLAGHER,4437118541666764,11/59,611
17, 6, Lavern,Reeves,589-319-3572,l_reeves@fakermail.com,1234 Somewhere St.,Somecity,AZ,85799,328739002,3/53,3/14/53,LAVERN REEVES,5931000979069509,3/53,372
18, 6, Lynn,Soltys,848-797-9725,l_soltys@fakermail.com,1234 Somewhere St.,Somecity,AZ,85799,677897235,3/31,3/6/31,LYNN SOLTYS,4147090752759113,3/31,318
19, 6, Patricia,White,677-647-6576,p_white@fakermail.com,1234 Somewhere St.,Somecity,AZ,85799,722724150,12/72,12/5/72,PATRICIA WHITE,4655756096005512,12/72,664
20, 6, Roxie,Presley,451-429-6586,r_presley@fakermail.com,1234 Somewhere St.,Somecity,AZ,85799,707701920,10/80,10/8/80,ROXIE PRESLEY,5385273474435109,10/80,183
21, 6, Arnold,Currey,418-769-5542,a_currey@fakermail.com,1234 Somewhere St.,Somecity,AZ,85799,115620964,1/88,1/22/88,ARNOLD CURREY,5772198458309884,1/88,193
22, 6, Judi,Frank,493-546-7898,j_frank@fakermail.com,1234 Somewhere St.,Somecity,AZ,85799,898870802,11/40,11/6/40,JUDI FRANK,4260211289498071,11/40,965
23, 6, Miriam,Sutton,856-602-5152,m_sutton@fakermail.com,1234 Somewhere St.,Somecity,AZ,85799,142541887,4/93,4/11/93,MIRIAM SUTTON,5074131427402382,4/93,127
24, 6, Kristin,Payne,701-621-7530,k_payne@fakermail.com,1234 Somewhere St.,Somecity,AZ,85799,331062010,8/24,8/9/24,KRISTIN PAYNE,4144547394778603,8/24,903
25, 6, Latosha,Summers,855-513-6036,l_summers@fakermail.com,1234 Somewhere St.,Somecity,AZ,85799,580931369,5/21,5/25/21,LATOSHA SUMMERS,4554798961119293,5/21,192
26, 6, Thomas,Williams,615-343-6362,t_williams@fakermail.com,1234 Somewhere St.,Somecity,AZ,85799,756476890,6/22,6/18/22,THOMAS WILLIAMS,4713223071528850,6/22,692
27, 6, Diana,Otterson,550-712-2186,d_otterson@fakermail.com,1234 Somewhere St.,Somecity,AZ,85799,412267262,1/91,1/1/91,DIANA OTTERSON,5241203750196379,1/91,868
28, 6, Lisa,Griffin,404-814-6376,l_griffin@fakermail.com,1234 Somewhere St.,Somecity,AZ,85799,443365463,3/28,3/27/28,LISA GRIFFIN,5146773779073166,3/28,412
29, 6, Karla,Mackie,859-333-6179,k_mackie@fakermail.com,1234 Somewhere St.,Somecity,AZ,85799,269540554,5/65,5/18/65,KARLA MACKIE,5810125234864336,5/65,149
30, 6, Mary,Ostrander,758-741-5100,m_ostrander@fakermail.com,1234 Somewhere St.,Somecity,AZ,85799,463643229,1/60,1/27/60,MARY OSTRANDER,4989438236146136,1/60,275
31, 6, Leslie,Ward,727-885-1310,l_ward@fakermail.com,1234 Somewhere St.,Somecity,AZ,85799,248708728,3/85,3/5/85,LESLIE WARD,5557574452531045,3/85,365
32, 6, Joseph,Flanagan,392-540-8963,j_flanagan@fakermail.com,1234 Somewhere St.,Somecity,AZ,85799,570639241,9/93,9/30/93,JOSEPH FLANAGAN,4399870077306425,9/93,802
33, 6, Sandra,Gambill,791-531-7755,s_gambill@fakermail.com,1234 Somewhere St.,Somecity,AZ,85799,176827714,4/16,4/30/16,SANDRA GAMBILL,5261922968302595,4/16,881
34, 6, Jean,Aurora,509-620-5895,j_aurora@fakermail.com,1234 Somewhere St.,Somecity,AZ,85799,599051963,12/99,12/24/99,JEAN AURORA,4674561948084700,12/99,708
35, 6, Rose,Vanscyoc,885-687-3889,r_vanscyoc@fakermail.com,1234 Somewhere St.,Somecity,AZ,85799,831901572,10/16,10/16/16,ROSE VANSCYOC,4564290652284324,10/16,503
36, 6, Eric,Feldkamp,858-342-9589,e_feldkamp@fakermail.com,1234 Somewhere St.,Somecity,AZ,85799,189893598,2/44,2/24/44,ERIC FELDKAMP,4203568484273568,2/44,242
37, 6, Terra,Demers,692-744-7509,t_demers@fakermail.com,1234 Somewhere St.,Somecity,AZ,85799,563062438,8/37,8/4/37,TERRA DEMERS,4986576860598977,8/37,715
38, 6, Christian,Griffin,585-555-7208,c_griffin@fakermail.com,1234 Somewhere St.,Somecity,AZ,85799,122585810,9/66,9/19/66,CHRISTIAN GRIFFIN,5259601163207694,9/66,131
39, 6, Connie,Wannamaker,592-452-9886,c_wannamaker@fakermail.com,1234 Somewhere St.,Somecity,AZ,85799,949427186,5/97,5/15/97,CONNIE WANNAMAKER,4615246336131804,5/97,981
40, 6, Robert,Pratt,514-885-7280,r_pratt@fakermail.com,1234 Somewhere St.,Somecity,AZ,85799,114190565,2/82,2/24/82,ROBERT PRATT,4639615999357587,2/82,658
41, 6, Charlotte,Benson,619-748-9242,c_benson@fakermail.com,1234 Somewhere St.,Somecity,AZ,85799,870911894,1/25,1/15/25,CHARLOTTE BENSON,4803483915721278,1/25,560
42, 6, Tod,Stark,886-805-2853,t_stark@fakermail.com,1234 Somewhere St.,Somecity,AZ,85799,742273914,1/45,1/21/45,TOD STARK,4861056665102263,1/45,839
43, 6, Suzanne,Twitt,830-719-6003,s_twitt@fakermail.com,1234 Somewhere St.,Somecity,AZ,85799,485926471,11/77,11/7/77,SUZANNE TWITT,4383509238692172,11/77,638
44, 6, Marianne,Miyashiro,645-937-2110,m_miyashiro@fakermail.com,1234 Somewhere St.,Somecity,AZ,85799,775664967,1/62,1/24/62,MARIANNE MIYASHIRO,4557618807090327,1/62,259
45, 6, Donna,Chappell,376-920-1166,d_chappell@fakermail.com,1234 Somewhere St.,Somecity,AZ,85799,596144696,9/48,9/5/48,DONNA CHAPPELL,5797603863542374,9/48,952
46, 6, Marvin,Heath,578-823-2616,m_heath@fakermail.com,1234 Somewhere St.,Somecity,AZ,85799,575113071,6/18,6/22/18,MARVIN HEATH,5329995656448121,6/18,120
47, 6, Diana,Benoit,583-920-5988,d_benoit@fakermail.com,1234 Somewhere St.,Somecity,AZ,85799,180406912,6/44,6/3/44,DIANA BENOIT,5189157082351230,6/44,815
48, 6, Alexandra,Than,351-473-5865,a_than@fakermail.com,1234 Somewhere St.,Somecity,AZ,85799,702417128,10/39,10/13/39,ALEXANDRA THAN,5655266020910592,10/39,509
49, 6, Michelle,Ayres,638-528-5240,m_ayres@fakermail.com,1234 Somewhere St.,Somecity,AZ,85799,439870586,1/89,1/13/89,MICHELLE AYRES,5373487436060275,1/89,542
50, 6, Jean,Carvajal,470-894-8268,j_carvajal@fakermail.com,1234 Somewhere St.,Somecity,AZ,85799,274521483,5/68,5/17/68,JEAN CARVAJAL,5639869765169648,5/68,241
51, 6, John,Piner,547-419-4379,j_piner@fakermail.com,1234 Somewhere St.,Somecity,AZ,85799,445068585,2/39,2/13/39,JOHN PINER,5534375857363610,2/39,604
52, 6, Robert,Bradford,324-522-1569,r_bradford@fakermail.com,1234 Somewhere St.,Somecity,AZ,85799,999654579,8/53,8/22/53,ROBERT BRADFORD,5585094164018603,8/53,381
53, 6, Leah,Parks,807-761-7192,l_parks@fakermail.com,1234 Somewhere St.,Somecity,AZ,85799,722698045,5/69,5/18/69,LEAH PARKS,4379648268051436,5/69,498
54, 6, Hanna,Charles,908-414-4504,h_charles@fakermail.com,1234 Somewhere St.,Somecity,AZ,85799,511401630,1/71,1/11/71,HANNA CHARLES,4177562513871107,1/71,968
55, 6, Raymond,Hain,962-456-1500,r_hain@fakermail.com,1234 Somewhere St.,Somecity,AZ,85799,507474167,9/17,9/19/17,RAYMOND HAIN,4872054519949252,9/17,360
56, 6, Katie,Larochelle,315-337-9798,k_larochelle@fakermail.com,1234 Somewhere St.,Somecity,AZ,85799,197750994,5/25,5/14/25,KATIE LAROCHELLE,5181975261215493,5/25,294
57, 6, Brian,Pederson,497-979-8333,b_pederson@fakermail.com,1234 Somewhere St.,Somecity,AZ,85799,363524012,11/91,11/8/91,BRIAN PEDERSON,4742653058843004,11/91,161
58, 6, Francis,Shiver,874-954-9556,f_shiver@fakermail.com,1234 Somewhere St.,Somecity,AZ,85799,864126628,7/78,7/7/78,FRANCIS SHIVER,4136923424864080,7/78,649
59, 6, Devin,Latham,375-558-3910,d_latham@fakermail.com,1234 Somewhere St.,Somecity,AZ,85799,148217120,4/64,4/28/64,DEVIN LATHAM,4217454092851057,4/64,154
60, 6, Mary,Marrero,814-680-2627,m_marrero@fakermail.com,1234 Somewhere St.,Somecity,AZ,85799,813239997,9/14,9/15/14,MARY MARRERO,4704112577772152,9/14,231
61, 6, Leigh,Streicher,393-557-6332,l_streicher@fakermail.com,1234 Somewhere St.,Somecity,AZ,85799,889438404,1/43,1/11/43,LEIGH STREICHER,4679678943036990,1/43,233
62, 6, Margaret,Jacoby,612-397-7961,m_jacoby@fakermail.com,1234 Somewhere St.,Somecity,AZ,85799,463636985,4/52,4/30/52,MARGARET JACOBY,4552572631193935,4/52,621
63, 6, Teresa,Mclain,760-837-9521,t_mclain@fakermail.com,1234 Somewhere St.,Somecity,AZ,85799,659502892,4/57,4/13/57,TERESA MCLAIN,4068159136486347,4/57,432
64, 6, Joe,Evans,345-608-9744,j_evans@fakermail.com,1234 Somewhere St.,Somecity,AZ,85799,903949720,6/44,6/11/44,JOE EVANS,4940324307034293,6/44,866
65, 6, John,Winter,634-636-2128,j_winter@fakermail.com,1234 Somewhere St.,Somecity,AZ,85799,183934791,12/58,12/27/58,JOHN WINTER,5080181180902289,12/58,692
66, 6, James,Mills,558-552-6549,j_mills@fakermail.com,1234 Somewhere St.,Somecity,AZ,85799,465557200,5/69,5/20/69,JAMES MILLS,5794484333147673,5/69,644
67, 6, Cassandra,Bryant,527-877-3186,c_bryant@fakermail.com,1234 Somewhere St.,Somecity,AZ,85799,971586368,12/89,12/2/89,CASSANDRA BRYANT,4253918066275463,12/89,201
68, 6, Amalia,Galvan,369-948-9625,a_galvan@fakermail.com,1234 Somewhere St.,Somecity,AZ,85799,563952925,11/32,11/17/32,AMALIA GALVAN,4176757837311916,11/32,122
69, 6, Edgar,Ligget,591-526-4284,e_ligget@fakermail.com,1234 Somewhere St.,Somecity,AZ,85799,684626990,8/96,8/12/96,EDGAR LIGGET,5111522925061070,8/96,293
70, 6, Patricia,Priolo,563-718-4300,p_priolo@fakermail.com,1234 Somewhere St.,Somecity,AZ,85799,533515820,9/72,9/3/72,PATRICIA PRIOLO,5681604285997282,9/72,730
71, 6, Shannon,Purcell,770-307-4110,s_purcell@fakermail.com,1234 Somewhere St.,Somecity,AZ,85799,901935292,2/48,2/17/48,SHANNON PURCELL,4674086357615803,2/48,423
72, 6, Katie,Schlindwein,831-719-6043,k_schlindwein@fakermail.com,1234 Somewhere St.,Somecity,AZ,85799,690552060,8/85,8/5/85,KATIE SCHLINDWEIN,4679839431950295,8/85,891
73, 6, Kathleen,Riley,978-880-1594,k_riley@fakermail.com,1234 Somewhere St.,Somecity,AZ,85799,197148782,11/95,11/1/95,KATHLEEN RILEY,4947711885773861,11/95,192
74, 6, Raymon,Akridge,682-952-8888,r_akridge@fakermail.com,1234 Somewhere St.,Somecity,AZ,85799,255365339,2/71,2/12/71,RAYMON AKRIDGE,4757824510838621,2/71,525
75, 6, Deborah,Canela,677-431-5705,d_canela@fakermail.com,1234 Somewhere St.,Somecity,AZ,85799,393856399,12/63,12/23/63,DEBORAH CANELA,4580784431074318,12/63,543
76, 6, Gary,Mashburn,712-736-2498,g_mashburn@fakermail.com,1234 Somewhere St.,Somecity,AZ,85799,371896931,4/13,4/4/13,GARY MASHBURN,4291538361858004,4/13,259
77, 6, Effie,Wigfall,304-392-8008,e_wigfall@fakermail.com,1234 Somewhere St.,Somecity,AZ,85799,799639248,7/54,7/2/54,EFFIE WIGFALL,4114555349612872,7/54,205
78, 6, Lillie,Hollis,572-586-3934,l_hollis@fakermail.com,1234 Somewhere St.,Somecity,AZ,85799,518455522,11/92,11/3/92,LILLIE HOLLIS,5812972180502403,11/92,226
79, 6, Leanne,Cathey,703-419-8852,l_cathey@fakermail.com,1234 Somewhere St.,Somecity,AZ,85799,659143143,12/35,12/6/35,LEANNE CATHEY,4335815357474644,12/35,363
80, 6, Christine,Folwell,858-520-6523,c_folwell@fakermail.com,1234 Somewhere St.,Somecity,AZ,85799,861068934,12/94,12/12/94,CHRISTINE FOLWELL,5094318415520878,12/94,373
81, 6, Jack,Kowalski,404-535-9324,j_kowalski@fakermail.com,1234 Somewhere St.,Somecity,AZ,85799,309713151,3/26,3/9/26,JACK KOWALSKI,4608744073977509,3/26,517
82, 6, Steven,Schaeffer,453-724-5427,s_schaeffer@fakermail.com,1234 Somewhere St.,Somecity,AZ,85799,494798112,8/37,8/16/37,STEVEN SCHAEFFER,5081194793952995,8/37,713
83, 6, Renee,Barlow,486-895-8392,r_barlow@fakermail.com,1234 Somewhere St.,Somecity,AZ,85799,245027463,6/77,6/23/77,RENEE BARLOW,4336487214628358,6/77,760
84, 6, Curtis,Ortiz,422-431-3296,c_ortiz@fakermail.com,1234 Somewhere St.,Somecity,AZ,85799,854757224,11/78,11/27/78,CURTIS ORTIZ,4577517186907088,11/78,151
85, 6, Constance,Maldomado,505-816-6045,c_maldomado@fakermail.com,1234 Somewhere St.,Somecity,AZ,85799,190801441,5/88,5/8/88,CONSTANCE MALDOMADO,4737782705784711,5/88,860
86, 6, Edward,Robinson,650-576-9494,e_robinson@fakermail.com,1234 Somewhere St.,Somecity,AZ,85799,369317727,6/27,6/4/27,EDWARD ROBINSON,4052073812477025,6/27,888
87, 6, Robert,Mendez,406-608-6195,r_mendez@fakermail.com,1234 Somewhere St.,Somecity,AZ,85799,249287457,6/13,6/3/13,ROBERT MENDEZ,4606493401109770,6/13,508
88, 6, Clara,Ott,309-828-6273,c_ott@fakermail.com,1234 Somewhere St.,Somecity,AZ,85799,829073587,5/61,5/3/61,CLARA OTT,4793448445243041,5/61,690
89, 6, Andres,Greene,704-609-4595,a_greene@fakermail.com,1234 Somewhere St.,Somecity,AZ,85799,217970378,1/86,1/17/86,ANDRES GREENE,4681558192852472,1/86,279
90, 6, Pauline,Nale,321-557-9829,p_nale@fakermail.com,1234 Somewhere St.,Somecity,AZ,85799,501018582,7/23,7/24/23,PAULINE NALE,4589396344023990,7/23,170
91, 6, Corinne,Siple,820-895-1499,c_siple@fakermail.com,1234 Somewhere St.,Somecity,AZ,85799,722000710,3/29,3/3/29,CORINNE SIPLE,4693841740547813,3/29,245
92, 6, Albert,Smith,644-674-5790,a_smith@fakermail.com,1234 Somewhere St.,Somecity,AZ,85799,255846709,7/25,7/20/25,ALBERT SMITH,4350388413172435,7/25,376
93, 6, Beverly,Lorenz,959-436-7218,b_lorenz@fakermail.com,1234 Somewhere St.,Somecity,AZ,85799,829338391,1/65,1/20/65,BEVERLY LORENZ,5265317753562378,1/65,532
94, 6, Kara,Dowdy,355-402-8713,k_dowdy@fakermail.com,1234 Somewhere St.,Somecity,AZ,85799,669559876,2/85,2/5/85,KARA DOWDY,4084249129890781,2/85,620
95, 6, Dean,Rumpf,971-665-8765,d_rumpf@fakermail.com,1234 Somewhere St.,Somecity,AZ,85799,484095708,4/23,4/18/23,DEAN RUMPF,5570569981552705,4/23,992
96, 6, Kari,Mason,622-733-6674,k_mason@fakermail.com,1234 Somewhere St.,Somecity,AZ,85799,485198675,7/63,7/13/63,KARI MASON,5480682474096146,7/63,400
97, 6, Tristan,Williams,925-832-3366,t_williams@fakermail.com,1234 Somewhere St.,Somecity,AZ,85799,772060098,3/79,3/21/79,TRISTAN WILLIAMS,4768979775262718,3/79,599
98, 6, Katherine,Mattison,515-693-3863,k_mattison@fakermail.com,1234 Somewhere St.,Somecity,AZ,85799,805035529,4/52,4/11/52,KATHERINE MATTISON,5613620919259696,4/52,351
